{
  "_fv": 24,
  "_type": "dimension",
  "definition": {
    "biomesInDimension": [
      {
        "value": "deep_ocean"
      }
    ],
    "worldGenType": "Normal world gen",
    "mainFillerBlock": {
      "value": "Blocks.WOOL#0"
    },
    "fluidBlock": {
      "value": "CUSTOM:Milk"
    },
    "airColor": {
      "value": -6684673,
      "falpha": 0.0
    },
    "canRespawnHere": true,
    "hasFog": false,
    "isDark": false,
    "doesWaterVaporize": false,
    "sleepResult": "ALLOW",
    "hasSkyLight": true,
    "imitateOverworldBehaviour": false,
    "portalFrame": {
      "value": "Blocks.WOOL#0"
    },
    "portalParticles": {
      "value": "EXPLOSION_NORMAL"
    },
    "portalLuminance": 0,
    "portalSound": {
      "value": "block.portal.ambient"
    },
    "igniterName": "Milkie Portal Igniter",
    "igniterTab": {
      "value": "CUSTOM:WkTweak"
    },
    "texture": "milkieeigniterd",
    "portalTexture": "portal",
    "enablePortal": true
  }
}