{
  "_fv": 24,
  "_type": "fluid",
  "definition": {
    "name": "Milk",
    "bucketName": "Milk Bucket",
    "textureStill": "portal",
    "textureFlowing": "portal",
    "tintType": "No tint",
    "canMultiply": false,
    "flowRate": 5,
    "levelDecrease": 1,
    "slopeFindDistance": 4,
    "spawnParticles": false,
    "dripParticle": {
      "value": "WATER_BUBBLE"
    },
    "flowStrength": 1.0,
    "luminosity": 0,
    "density": 1000,
    "viscosity": 1000,
    "isGas": false,
    "temperature": 16,
    "type": "WATER",
    "generateBucket": true,
    "textureBucket": "milk_bucket",
    "creativeTab": {
      "value": "CUSTOM:WkTweak"
    },
    "emptySound": {
      "value": ""
    },
    "rarity": "RARE",
    "specialInfo": [],
    "resistance": 100.0,
    "luminance": 0,
    "lightOpacity": 0,
    "emissiveRendering": false,
    "tickRate": 10,
    "flammability": 0,
    "fireSpreadSpeed": 0,
    "colorOnMap": "DEFAULT",
    "frequencyOnChunks": 5,
    "spawnWorldTypes": [],
    "restrictionBiomes": []
  }
}